company,fiscal_year_end,legal_proceedings,signature_dates,signers
Alphabet,2025-12-31,"For a description of our material pending legal proceedings, see Legal Matters in Note 10 of the Notes to Consolidated Financial Statements included in Part II, Item 8 of this Annual Report on Form 10-K, which is incorporated herein by reference.",2026-02-04,"Sundar Pichai, Anat Ashkenazi, Amie Thuener O'Toole, Frances H. Arnold, Sergey Brin, R. Martin Chávez, L. John Doerr, Roger W. Ferguson Jr., John L. Hennessy, Larry Page, K. Ram Shriram, Robin L. Washington"
Amazon,2025-12-31,"See Item 8 of Part II, “Financial Statements and Supplementary Data — Note 7 — Commitments and Contingencies — Legal Proceedings.”",2026-02-05,"Andrew R. Jassy, Brian T. Olsavsky, Shelley L. Reynolds, Jeffrey P. Bezos, Keith B. Alexander, Edith W. Cooper, Jamie S. Gorelick, Daniel P. Huttenlocher, Andrew Y. Ng, Indra K. Nooyi, Jonathan J. Rubinstein, Brad D. Smith, Patricia Q. Stonesifer, Wendell P. Weeks"
Apple,2025-09-27,"Digital Markets Act Investigations
On March 25, 2024, the Commission announced that it had opened a formal noncompliance investigation against the Company under Article 5(4) of the EU DMA (“Article 5(4) Investigation”). The Article 5(4) Investigation relates to how developers may communicate and promote offers to end users for apps distributed through the App Store, as well as how developers may conclude contracts with those end users. On June 24, 2024, the Commission announced that it had opened an additional formal investigation against the Company regarding whether the Company’s new contractual requirements for third-party app developers and app marketplaces may violate the DMA (“Article 6(4) Investigation”). On April 23, 2025, the Commission fined the Company €500 million in the Article 5(4) Investigation and issued a cease and desist order requiring the Company to remove technical and commercial restrictions that prevent developers from steering users to alternative distribution channels outside the App Store. The Company has appealed the Commission’s Article 5(4) decision. Also on April 23, 2025, the Commission issued preliminary findings in the Article 6(4) Investigation. If the Commission makes a final determination in the Article 6(4) Investigation that there has been a violation, it can issue a cease and desist order and may impose fines up to 10% of the Company’s annual worldwide net sales. The Commission may also seek to impose additional fines if it deems that the Company has violated a cease and desist order. The Company believes that it complies with the DMA and has continued to make changes to its compliance plan in response to feedback and engagement with the Commission.
Department of Justice Lawsuit
On March 21, 2024, the DOJ and a number of state and district attorneys general filed a civil antitrust lawsuit in the U.S. District Court for the District of New Jersey against the Company alleging monopolization or attempted monopolization in the markets for “performance smartphones” and “smartphones” in violation of U.S. antitrust laws. The DOJ is seeking equitable relief to redress the alleged anticompetitive behavior. In addition, various civil litigation matters have been filed in state and federal courts in the U.S. alleging similar violations of U.S. antitrust laws and seeking monetary damages and other nonmonetary relief. The Company believes it has substantial defenses and intends to vigorously defend itself.
Epic Games
Epic Games, Inc. filed a lawsuit in the U.S. District Court for the Northern District of California (“California District Court”) against the Company alleging violations of federal and state antitrust laws and California’s unfair competition law based upon the Company’s operation of its App Store. The California District Court found that certain provisions of the Company’s App Review Guidelines violate California’s unfair competition law and issued an injunction (the “2021 Injunction”) enjoining the Company from prohibiting developers from including in their apps buttons, external links, or other calls to action that direct customers to purchasing mechanisms other than the Company’s in-app purchase system. The 2021 Injunction applies to apps on the U.S. storefronts of the iOS and iPadOS App Stores. On January 16, 2024, the Company implemented a plan to comply with the 2021 Injunction and filed a statement of compliance with the California District Court. On September 30, 2024, the Company filed a motion with the California District Court to narrow or vacate the 2021 Injunction. On April 30, 2025, the California District Court found the Company to be in violation of the 2021 Injunction and enjoined the Company from imposing any commission or any fee on purchases that consumers make outside an app; restricting, conditioning, limiting, or prohibiting how developers guide consumers to purchases outside an app; or otherwise interfering with a consumer’s choice to proceed in or out of an app. The California District Court also denied the Company’s motion to narrow or vacate the 2021 Injunction and referred the Company to the U.S. Attorney for the Northern District of California for a determination whether criminal contempt proceedings are appropriate. The Company will continue to vigorously defend its actions and employees, and has appealed the California District Court’s most recent decision to the U.S. Court of Appeals for the Ninth Circuit (“Ninth Circuit Court”). Although the Company’s request to stay the decision pending appeal was denied, the Ninth Circuit Court has agreed to consider the Company’s appeal on an expedited basis, with oral arguments heard in October 2025.
Other Legal Proceedings
The Company is subject to other legal proceedings and claims that have not been fully resolved and that have arisen in the ordinary course of business. The Company settled certain matters during the fourth quarter of 2025 that did not individually or in the aggregate have a material impact on the Company’s financial condition or operating results. The outcome of litigation is inherently uncertain. If one or more legal matters were resolved against the Company in a reporting period for amounts above management’s expectations, the Company’s financial condition and operating results for that reporting period could be materially adversely affected.",2025-10-31,"Kevan Parekh, Timothy D. Cook, Chris Kondo, Wanda Austin, Alex Gorsky, Andrea Jung, Arthur D. Levinson, Monica Lozano, Ronald D. Sugar, Susan L. Wagner"
Coca-Cola,2025-12-31,"The Company is involved in various legal proceedings, including the proceedings specifically discussed below. Management
believes that, except as disclosed in “U.S. Federal Income Tax Dispute” below, the total liabilities of the Company that may arise as a result of currently pending legal proceedings will not have a material adverse effect on the Company taken as a whole.
Aqua-Chem Litigation
On December 20, 2002, the Company filed a lawsuit (The Coca-Cola Company v. Aqua-Chem, Inc., Civil Action No. 2002CV631-50) in the Superior Court of Fulton County, Georgia (“Georgia case”), seeking a declaratory judgment that the Company has no obligation to its former subsidiary, Aqua-Chem, Inc., now known as Cleaver-Brooks, Inc. (“Aqua-Chem”), for any past, present or future liabilities or expenses in connection with any claims or lawsuits against Aqua-Chem. Subsequent to the Company’s filing but on the same day, Aqua-Chem filed a lawsuit (Aqua-Chem, Inc. v. The Coca-Cola Company, Civil Action No. 02CV012179) in the Circuit Court, Civil Division of Milwaukee County, Wisconsin (“Wisconsin case”). In the Wisconsin case, Aqua-Chem sought a declaratory judgment that the Company is responsible for all liabilities and expenses not covered by insurance in connection with certain of Aqua-Chem’s general and product liability claims arising from occurrences prior to the Company’s sale of Aqua-Chem in 1981, and a judgment for breach of contract in an amount exceeding $9 million for costs incurred by Aqua-Chem to date in connection with such claims. The Wisconsin case initially was stayed, pending final resolution of the Georgia case, and later was voluntarily dismissed without prejudice by Aqua-Chem.
28
The Company owned Aqua-Chem from 1970 to 1981. During that time, the Company purchased over $400 million of insurance coverage, which also insures Aqua-Chem for some of its prior and future costs for certain product liability and other claims. The Company sold Aqua-Chem to Lyonnaise American Holding, Inc., in 1981 under the terms of a stock sale agreement. The 1981 agreement, and a subsequent 1983 settlement agreement, outlined the parties’ rights and obligations concerning past and future claims and lawsuits involving Aqua-Chem. Cleaver-Brooks, a division of Aqua-Chem, manufactured boilers, some of which contained asbestos gaskets. Aqua-Chem was first named as a defendant in asbestos lawsuits in or around 1985 and currently has approximately 15,000 active claims pending against it.
The parties agreed in 2004 to stay the Georgia case pending the outcome of insurance coverage litigation filed by certain Aqua-Chem insurers on March 26, 2004. In the coverage action, five plaintiff insurance companies filed suit (Century Indemnity Company, et al. v. Aqua-Chem, Inc., The Coca-Cola Company, et al., Case No. 04CV002852) in the Circuit Court, Civil Division of Milwaukee County, Wisconsin, against the Company, Aqua-Chem and 16 insurance companies. Several of the policies that were the subject of the coverage action had been issued to the Company during the period (1970 to 1981) when the Company owned Aqua-Chem. The complaint sought a determination of the respective rights and obligations under the insurance policies issued with regard to asbestos-related claims against Aqua-Chem. The action also sought a monetary judgment reimbursing any amounts paid by the plaintiffs in excess of their obligations. Two of the insurers, one with a $15 million policy limit and one with a $25 million policy limit, asserted cross-claims against the Company, alleging that the Company and/or its insurers are responsible for Aqua-Chem’s asbestos liabilities before any obligation is triggered on the part of the cross-claimant insurers to pay for such costs under their policies.
Aqua-Chem and the Company filed and obtained a partial summary judgment determination in the coverage action that the insurers for Aqua-Chem and the Company were jointly and severally liable for coverage amounts, but reserving judgment on other defenses that might apply. During the course of the Wisconsin insurance coverage litigation, Aqua-Chem and the Company reached settlements with several of the insurers, including plaintiffs, who paid funds into escrow accounts for payment of costs arising from the asbestos claims against Aqua-Chem. On July 24, 2007, the Wisconsin trial court entered a final declaratory judgment regarding the rights and obligations of the parties under the insurance policies issued by the remaining defendant insurers, which judgment was not appealed. The judgment directs, among other things, that each insurer whose policy is triggered is jointly and severally liable for 100% of Aqua-Chem’s losses up to policy limits. The court’s judgment concluded the Wisconsin insurance coverage litigation.
The Company and Aqua-Chem continued to pursue and obtain coverage agreements for the asbestos-related claims against Aqua-Chem with those insurance companies that did not settle in the Wisconsin insurance coverage litigation. The Company anticipated that a final settlement with three of those insurers (“Chartis insurers”) would be finalized in May 2011, but the Chartis insurers repudiated their settlement commitments and, as a result, Aqua-Chem and the Company filed suit against them in Wisconsin state court to enforce the coverage-in-place settlement or, in the alternative, to obtain a declaratory judgment validating Aqua-Chem and the Company’s interpretation of the court’s judgment in the Wisconsin insurance coverage litigation.
In February 2012, the parties filed and argued a number of cross-motions for summary judgment related to the issues of the enforceability of the settlement agreement and the exhaustion of policies underlying those of the Chartis insurers. The court granted defendants’ motions for summary judgment that the 2011 Settlement Agreement and 2010 Term Sheet were not binding contracts, but denied their similar motions related to plaintiffs’ claims for promissory and/or equitable estoppel. On or about May 15, 2012, the parties entered into a mutually agreeable settlement/stipulation resolving two major issues: exhaustion of underlying coverage and control of defense. On or about January 10, 2013, the parties reached a settlement of the estoppel claims and all of the remaining coverage issues, with the exception of one disputed issue relating to the scope of the Chartis insurers’ defense obligations in two policy years. The trial court granted summary judgment in favor of the Company and Aqua-Chem on that one open issue and entered a final appealable judgment to that effect following the parties’ settlement. On January 23, 2013, the Chartis insurers filed a notice of appeal of the trial court’s summary judgment ruling. On October 29, 2013, the Wisconsin Court of Appeals affirmed the grant of summary judgment in favor of the Company and Aqua-Chem. On November 27, 2013, the Chartis insurers filed a petition for review in the Supreme Court of Wisconsin, and on December 11, 2013, the Company filed its opposition to that petition. On April 16, 2014, the Supreme Court of Wisconsin denied the Chartis insurers’ petition for review.
The Georgia case remains subject to the stay agreed to in 2004.
U.S. Federal Income Tax Dispute
On September 17, 2015, the Company received a Statutory Notice of Deficiency (“Notice”) from the IRS seeking approximately $3.3 billion of additional federal income tax for years 2007 through 2009. In the Notice, the IRS stated its intent to reallocate over $9 billion of income to the U.S. parent company from certain of its foreign affiliates that the U.S. parent company licensed to manufacture, distribute, sell, market and promote its products in certain non-U.S. markets.
29
The Notice concerned the Company’s transfer pricing between its U.S. parent company and certain of its foreign affiliates. IRS rules governing transfer pricing require arm’s-length pricing of transactions between related parties such as the Company’s U.S. parent and its foreign affiliates.
To resolve the same transfer pricing issue for the tax years 1987 through 1995, the Company and the IRS had agreed in 1996 on an arm’s-length methodology for determining the amount of U.S. taxable income that the U.S. parent company would report as compensation from its foreign licensees. The Company and the IRS memorialized this accord in a closing agreement resolving that dispute (“Closing Agreement”). The Closing Agreement provided that, absent a change in material facts or circumstances or relevant federal tax law, in calculating the Company’s income taxes going forward, the Company would not be assessed penalties by the IRS for using the agreed-upon tax calculation methodology that the Company and the IRS agreed would be used for the 1987 through 1995 tax years.
The IRS audited and confirmed the Company’s compliance with the agreed-upon Closing Agreement methodology in five successive audit cycles for tax years 1996 through 2006.
The September 17, 2015 Notice from the IRS retroactively rejected the previously agreed-upon methodology for the 2007 through 2009 tax years in favor of an entirely different methodology, without prior notice to the Company. Using the new tax calculation methodology, the IRS reallocated over $9 billion of income to the U.S. parent company from its foreign licensees for tax years 2007 through 2009. Consistent with the Closing Agreement, the IRS did not assert penalties, and it has yet to do so.
The IRS designated the Company’s matter for litigation on October 15, 2015. Litigation designation is an IRS determination that forecloses to a company any and all alternative means for resolution of a tax dispute. As a result of the IRS’ designation of the Company’s matter for litigation, the Company was forced to either accept the IRS’ newly imposed tax assessment and pay the full amount of the asserted tax or litigate the matter in the federal courts. The matter remains subject to the IRS’ litigation designation, preventing the Company from any attempt to settle or otherwise mutually resolve the matter with the IRS.
The Company consequently initiated litigation by filing a petition in the Tax Court in December 2015, challenging the tax adjustments enumerated in the Notice.
Prior to trial, the IRS increased its transfer pricing adjustment by $385 million, resulting in an additional tax adjustment of $135 million. The Company obtained a summary judgment in its favor on a different matter related to Mexican foreign tax credits, which thereafter effectively reduced the IRS’ potential tax adjustment by $138 million.
The trial was held in the Tax Court from March through May 2018, and final post-trial briefs were filed and exchanged in April 2019.
On November 18, 2020, the Tax Court issued the Opinion in which it predominantly sided with the IRS but agreed with the Company that dividends previously paid by the foreign licensees to the U.S. parent company in reliance upon the Closing Agreement should continue to be allowed to offset royalties, including those that would become payable to the Company in accordance with the Opinion. On November 8, 2023, the Tax Court issued a supplemental opinion, siding with the IRS in concluding both that certain U.S. tax regulations (known as the blocked-income regulations) that address the effect of certain Brazilian legal restrictions on royalty payments by the Company’s licensee in Brazil apply to the Company’s operations and that the Tax Court opinion in 3M Co. & Subs. v. Commissioner (February 9, 2023) (“3M case”) controlled as to the validity of those regulations. On October 1, 2025, the U.S. Court of Appeals for the Eighth Circuit issued an opinion reversing the judgment of the Tax Court in the 3M case. In its decision, the court concluded that the blocked-income regulation was inconsistent with Internal Revenue Code (“IRC”) Section 482 and that the IRS therefore could not reallocate income from 3M’s subsidiary in Brazil to 3M in contravention of Brazilian restrictions on the payment of royalties. Further, the U.S. Court of Appeals for the Eighth Circuit specifically rejected the IRS’ argument that the ability of 3M’s subsidiary in Brazil to pay dividends, rather than royalties, meant that royalty income should not be treated as blocked. Both of these conclusions are highly supportive of the Company’s position in its case and reinforce its prior conclusions.
The Company believes that the IRS and the Tax Court misinterpreted and misapplied the applicable regulations in reallocating income earned by the Company’s foreign licensees to increase the Company’s U.S. tax. Moreover, the Company believes that the retroactive imposition of such tax liability using a calculation methodology different from that previously agreed upon by the IRS and the Company, and audited by the IRS for over a decade, is unconstitutional. The Company intends to assert its claims on appeal and vigorously defend its positions. In addition, for its litigation with the IRS and for purposes of its appeal of the Tax Court decision, the Company continues to evaluate the implications of several significant administrative law cases recently decided by the U.S. Supreme Court, most notably Loper Bright v. Raimondo, which overruled Chevron U.S.A., Inc. v. NRDC (“Chevron case”). Since 1984, the Chevron case had required that courts defer to agency interpretations of statutes and agency action. In Ohio v. EPA and Garland v. Cargill, two of the recent decisions, the U.S. Supreme Court demonstrated how courts are to rule on agency interpretations and actions without the deference previously required by the Chevron case.
30
On August 2, 2024, the Tax Court entered a decision reflecting additional federal income tax of $2.7 billion for the 2007 through 2009 tax years. With applicable interest, the total liability for the 2007 through 2009 tax years resulting from the Tax Court’s decision is $6.0 billion, for which the IRS issued the Company invoices on September 3, 2024. The Company paid those invoices (“IRS Tax Litigation Deposit”) on September 10, 2024, which stopped interest from accruing on the additional tax due for the 2007 through 2009 tax years. That amount, plus interest earned, would be refunded in full or in part if the Company’s tax positions are ultimately sustained on appeal. For the years ended December 31, 2025 and 2024, the Company recorded net interest income of $217 million and $77 million, respectively, related to this tax payment in the line item income taxes in our consolidated statements of income, in accordance with our accounting policy. The payment of the IRS invoices and the related accrued interest were recorded in the line item other noncurrent assets in our consolidated balance sheets as of December 31, 2025 and December 31, 2024. On October 22, 2024, the Company appealed the Tax Court’s decision to the U.S. Court of Appeals for the Eleventh Circuit. The Company filed its principal appellate brief with the U.S. Court of Appeals for the Eleventh Circuit on March 12, 2025. The IRS filed its appellate brief on July 7, 2025. The Company filed its reply brief on August 27, 2025.
In determining the amount of tax reserve to be recorded as of December 31, 2020, the Company completed the required two-step evaluation process prescribed by Accounting Standards Codification 740, Accounting for Income Taxes. In doing so, we consulted with outside advisors, and we reviewed and considered relevant laws, rules, and regulations, including, but not limited to, the Opinions and relevant caselaw. We also considered our intention to vigorously defend our positions and assert our various well-founded legal claims via every available avenue of appeal. We concluded, based on the technical and legal merits of the Company’s tax positions, that it is more likely than not the Company’s tax positions will ultimately be sustained on appeal. In addition, we considered a number of alternative transfer pricing methodologies, including the methodology asserted by the IRS and affirmed in the Opinions (“Tax Court Methodology”), that could be applied by the courts upon final resolution of the litigation. Based on the required probability analysis, we determined the methodologies we believe the federal courts could ultimately order to be used in calculating the Company’s tax. As a result of this analysis, we recorded a tax reserve of $438 million during the year ended December 31, 2020 related to the application of the resulting methodologies as well as the different tax treatment applicable to dividends originally paid to the U.S. parent company by its foreign licensees, in reliance upon the Closing Agreement, that would be recharacterized as royalties in accordance with the Opinions and the Company’s analysis.
The Company’s conclusion that it is more likely than not the Company’s tax positions will ultimately be sustained on appeal is unchanged as of December 31, 2025. However, based on the required probability analysis and the accrual of interest through the current reporting period, we updated our tax reserve as of December 31, 2025 to $512 million.
While the Company strongly disagrees with the IRS’ positions and the portions of the Opinions affirming such positions, it is possible that some portion or all of the adjustments proposed by the IRS and sustained by the Tax Court could ultimately be upheld. In that event, the Company would not receive a refund of the applicable portion or all of the $6.0 billion it paid in response to the IRS invoices issued in September 2024 and the related accrued interest receivable of $385 million as of December 31, 2025. Additionally, the Company would likely be subject to significant additional liabilities for subsequent years, which could have a material adverse impact on the Company’s financial position, results of operations and cash flows.
The Company calculated the potential impact of applying the Tax Court Methodology to reallocate income from foreign licensees potentially covered within the scope of the Opinions for the 2010 through 2025 tax years, assuming such methodology were to be ultimately upheld by the courts, and the IRS were to decide to apply that methodology to subsequent years, with consent of the federal courts. This impact would include taxes and interest accrued through December 31, 2025. The calculations incorporated the estimated impact of correlative adjustments to the previously accrued transition tax payable under the Tax Reform Act. The Company estimates that the potential aggregate remaining incremental tax and interest liability for the tax years 2010 through 2025 could be approximately $14 billion as of December 31, 2025. Additional income tax and interest on any unpaid potential liabilities for the 2010 through 2025 tax years would continue to accrue until the time any such potential liability, or portion thereof, were to be paid. We currently project the continued application of the Tax Court Methodology in 2026, assuming similar facts and circumstances as of December 31, 2025, would result in an incremental annual tax liability that would increase the Company’s effective tax rate by approximately 3.5%.
Environmental Matters
On June 20, 2024, the Mayor and City Council of Baltimore filed a lawsuit against the Company and several unrelated parties in the Circuit Court for Baltimore City, Maryland, concerning the environmental impacts of plastic packaging on the city’s lands and waterways. The complaint asserts claims for (a) violations of various state statutes and local ordinances that prohibit littering or improper dumping of waste on public or private property; (b) unfair, abusive or deceptive trade practices; (c) trespass upon city property; (d) design defects; (e) public nuisance; (f) failure to warn; and (g) negligence. The complaint seeks injunctive relief, compensatory damages and punitive damages but does not specify an amount of damages sought. The Company believes it has strong defenses to the claims. On July 21, 2025, the Baltimore Circuit Court granted in part the
31
Company’s Motion to Dismiss, dismissing with prejudice all claims except the public nuisance claim. Proceedings on the public nuisance claim have been stayed pending the outcome of informative Maryland Supreme Court cases.
On October 30, 2024, Los Angeles County Counsel filed a lawsuit against the Company, Reyes Coca-Cola Bottling, LLC, as well as other unrelated parties (collectively, “Defendants”) in the Superior Court for the State of California for the County of Los Angeles (“Superior Court”) concerning the environmental impacts of plastic packaging on coastal areas and waterways. The complaint asserts (a) state-law claims for public nuisance; (b) violations of California’s Unfair Competition Law; and (c) violations of California’s False Advertising Law. The complaint seeks injunctive relief, restitution and civil penalties but does not specify an amount of damages sought. The Company removed the action to federal court in December 2024, and the case was remanded back to the Superior Court in March 2025. Defendants’ Motion to Dismiss was denied on September 23, 2025. The Company continues to evaluate its options in light of the Superior Court’s decision and believes it has strong defenses to the claims.
On April 11, 2025, the Commissioner of the Department of Licensing and Consumer Affairs and the Government of the United
States Virgin Islands (“USVI”) filed a lawsuit against the Company, CC One Virgin Islands, LLC as well as other unrelated parties in the Superior Court of the Virgin Islands, Division of St. Croix, concerning the environmental impacts of plastic packaging in the USVI. The complaint asserts claims for (a) violations of USVI consumer protection statutes and (b) public nuisance. The complaint seeks injunctive relief, restitution and civil penalties but does not specify an amount of damages sought. The Company believes it has strong defenses to the claims.",2026-02-20,"James Quincey, John Murphy, Erin L. May, Jennifer D. Manning, Herb Allen, Christopher C. Davis, Bela Bajaria, Carolyn Everson, Ana Botín, Thomas S. Gayner, Maria Elena Lagomasino, Caroline J. Tsay, Max Levchin, David B. Weinberg, Amity Millhiser"
Johnson and Johnson,2025-12-28,The information called for by this item is incorporated herein by reference to the information set forth in Note 19 Legal proceedings of the Notes to Consolidated Financial Statements included in Item 8 of this Report.,2026-02-11,"J. Duato, J. J. Wolk, R. J. Decker Jr., M. C. Beckerle, J. A. Doudna, M. A. Hewson, P. A. Johnson, H. Joly, M. B. McClellan, J. G. Morikis, D. E. Pinto, M. A. Weinberger, N. Y. West, E. A. Woods"
Meta,2025-12-31,"As a multinational company with a complex and evolving business, we are, and expect to continue to be, subject to numerous claims, litigation, regulatory, tax, and government inquiries and investigations, and other legal proceedings in jurisdictions around the world. Although we believe many of these matters are without merit and are vigorously defending them, we may not be successful. Any litigation to which we are a party may be resolved adversely or we may be subject to an unfavorable judgment that may not be reversed upon appeal. We may also decide to settle litigation, disputes, or other legal proceedings in some instances on terms that are unfavorable to us. In addition, we may become subject to orders or consent decrees imposed by government or regulatory authorities. Any such developments could cause us to incur substantial costs, expose us to civil and criminal liability (including liability for our personnel) or penalties (including substantial monetary remedies), interrupt or require us to change our business practices in a manner materially adverse to our business (including changes to our products and services or user data practices), result in negative publicity and reputational harm, divert resources and the time and attention of management from our business, or subject us to other structural or behavioral remedies that adversely affect our business. We have experienced such outcomes to varying degrees in the past, and we expect to continue to face a challenging litigation and regulatory environment, including in light of complex and evolving laws and regulations, as well as the scale of our business and the size of our user and advertiser base.
Over the last several years, the number and potential significance of the litigation and investigations involving the company have increased, and there can be no assurance that this trend will not continue. For example, we are facing numerous cases in the United States in which plaintiffs are attempting to avoid or limit the application of Section 230 of the Communications Decency Act to their claims and certain of those matters have survived motions to dismiss, including through the use of products liability and/or breach of contract theories. Outside of the United States, we are subject to relatively new regulatory regimes, including the Digital Services Act, Digital Markets Act, EU AI Act and similar statutes in non-EU countries such as the UK Digital Markets, Competition and Consumer Act, and new fining guidelines under existing regulatory regimes like the General Data Protection Regulation (GDPR). We are facing inquiries and investigations regarding various aspects of our regulatory compliance, as well as private litigation in Europe, including class and mass actions, claiming damages (including for loss of control of data without other damage) and/or injunctions in respect of alleged failings to comply with such regulatory requirements. We are also responding to litigation and government investigations related to our alleged role in causing or contributing to various societal harms, including mental and physical health and safety impacts on users, particularly younger users, child and adult sexual exploitation, illegal activity with respect to drugs, fraud, unlawful discrimination, and other harms potentially impacting large numbers of people. This is in addition to significant tax, competition and antitrust, stockholder, commercial, consumer, intellectual property, and privacy litigation and investigations. Furthermore, as the number of our users and amount of our revenue have grown, our potential exposure to substantial damages awards and fines has increased, including through class action litigations and other legal proceedings under statutory regimes permitting penalties or damages on a per-violation basis or based on a percentage of global revenue. The maximum aggregate monetary damages or penalties sought across our various legal proceedings could amount to an aggregate of up to hundreds of billions of dollars and, as a result, could be material to the financial condition of the company.
In some instances, particularly with novel legal and factual claims, new regulatory regimes or statutes that have not previously been enforced, or where the nature or type of enforcement pursued against us is novel, it can be very difficult to assess the likelihood or extent of potential liabilities, including the nature and extent of injunctive or other non-monetary relief and the applicability and amount of any potential forfeitures, disgorgement, fines or penalties. While we have identified
51
Table of Contents
below certain matters that we believe to be material, there can be no assurance that additional material losses or limitations on our activities will not result from claims that have not yet been asserted or are not yet determined to be material.
Privacy and Related Matters
Beginning on March 20, 2018, multiple putative class actions were filed in state and federal courts in the United States and elsewhere against us and certain of our directors and officers alleging various causes of action in connection with our platform and user data practices as well as the misuse of certain data by a developer that shared such data with third parties in violation of our terms and policies, and seeking unspecified damages and injunctive relief. With respect to the putative class actions alleging fraud and violations of consumer protection, privacy, and other laws in connection with the same matters, several of the cases brought on behalf of consumers in the United States were consolidated in the U.S. District Court for the Northern District of California (In re Facebook, Inc., Consumer Privacy User Profile Litigation). On December 22, 2022, the parties entered into a settlement agreement to resolve the lawsuit, which provided for a payment of $725 million by us and became final on May 14, 2025. In addition, our platform and user data practices, as well as the events surrounding the misuse of certain data by a developer, became the subject of U.S. Federal Trade Commission (FTC), state attorneys general, and other government inquiries in the United States, Europe, and other jurisdictions. We entered into a settlement and modified consent order to resolve the FTC inquiry, which took effect in April 2020 and required us to pay a penalty of $5.0 billion and to significantly enhance our practices and processes for privacy compliance and oversight. In addition, in December 2025, we entered into a settlement agreement with California to resolve its lawsuit alleging violations of consumer protection laws, which is subject to court approval. Certain other state attorneys general inquiries and litigation and certain government inquiries in other jurisdictions remain ongoing and could subject us to additional substantial fines and costs, require us to change our business practices, divert resources and the attention of management from our business, or adversely affect our business. On June 1, 2023, the court presiding over the lawsuit filed by the District of Columbia granted our motion for summary judgment, resolving the case in our favor. On June 29, 2023, the District of Columbia filed a notice of appeal. The appeal was heard on January 30, 2025 and on July 31, 2025, the District of Columbia Court of Appeals reversed the decision on procedural grounds and remanded the matter to the lower court. Trial in the New Mexico Attorney General's case, which has expanded to include various claims related to content moderation issues, is scheduled to begin on September 8, 2026. On July 16, 2021, a stockholder derivative action was filed in Delaware Court of Chancery against certain of our directors and officers asserting breach of fiduciary duty and related claims relating to our historical platform and user data practices, as well as our settlement with the FTC. On July 20, 2021, other stockholders filed an amended derivative complaint in a related Delaware Chancery Court action, asserting breach of fiduciary duty and related claims against certain of our current and former directors and officers in connection with our historical platform and user data practices. On November 4, 2021, the lead plaintiffs filed a second amended and consolidated complaint in the stockholder derivative action. The pending consolidated matter is In re Facebook Inc. Derivative Litigation. On January 19, 2022, we filed a motion to dismiss, which was denied in part on May 10, 2023. The insider trading claim was dismissed as to all defendants except Mark Zuckerberg, and the motion was denied as to the breach of fiduciary duty claims. Trial began on July 16, 2025. On July 17, 2025, the parties agreed to a settlement in principle to resolve all claims in the action, which is subject to court approval.
On May 3, 2023, the FTC filed a public administrative proceeding (In the Matter of Facebook, Inc.) seeking substantial changes to the modified consent order, which took effect in April 2020 after its entry by the U.S. District Court for the District of Columbia. The changes sought by the FTC are set forth in a proposed order and include, among others, a prohibition on our use of minors' data for any commercial purposes, changes to the composition of our board of directors, and significant limitations on our ability to modify and launch new products. On May 31, 2023, we filed a motion before the U.S. District Court for the District of Columbia seeking to enjoin the FTC from further pursuing its agency process to modify the modified consent order. On November 27, 2023, the district court denied our motion, and we then appealed to the U.S. Court of Appeals for the District of Columbia Circuit (U.S. v. Facebook, Inc.) and sought to stay the FTC proceeding pending resolution of the appeal. Our motion for a stay pending appeal was denied in March 2024. After the underlying appeal was briefed and oral argument was held on November 5, 2024, the U.S. Court of Appeals for the District of Columbia Circuit issued its decision on May 16, 2025, reversing the district court's denial of our motion on jurisdictional grounds, and directed the district court to consider the merits of our arguments. On July 10, 2025, the case was remanded to the district court to consider our claims in light of the Court of Appeals' determination that the district court retains jurisdiction over the entirety of the consent order. On December 23, 2025, the district court ordered a schedule for supplemental briefing in light of the Court of Appeals decision, with briefing due to be complete by May 2026.
On November 29, 2023, we separately filed a complaint, also in the U.S. District Court for the District of Columbia (Meta Platforms, Inc. v. FTC), asserting constitutional challenges to the structure of the FTC, and seeking to preliminarily enjoin the FTC proceeding during the pendency of the litigation. On December 13, 2023, the FTC filed an opposition to our
52
Table of Contents
motion for preliminary injunction and a motion to dismiss the complaint. On March 14, 2024, the district court denied our motion to preliminarily enjoin the FTC proceeding during the pendency of the litigation, and also denied the FTC's motion to dismiss our complaint without prejudice, pending the U.S. Supreme Court's decision in SEC v. Jarkesy (Jarkesy). Our motion for a stay of the FTC proceeding pending appeal was denied in March 2024. Both the district court action and the appeal were stayed pending the Supreme Court's decision in Jarkesy. Following the Supreme Court's ruling in Jarkesy on June 27, 2024, the government filed a renewed motion to dismiss, which was fully briefed as of October 18, 2024. On June 29, 2025, the district court granted our request for a stay in light of the Court of Appeals' May 16, 2025 decision in the jurisdictional case, and on January 20, 2026, the district court continued the stay and ordered the parties to file a status update by June 8, 2026.
On April 1, 2024, we filed our response to the FTC's Order to Show Cause, arguing, among other things, that the Order to Show Cause proceeding was legally improper. Per FTC orders, we completed briefing on threshold legal issues on July 18, 2024, and the FTC held oral argument before the Commissioners on those issues on November 12, 2024. On January 10, 2025, the Commission issued a decision on certain threshold legal issues, including that the Commission has statutory authority to modify consent orders. The Commission stated that its decision is subject to Meta's jurisdictional challenges then pending before the U.S. Court of Appeals for the District of Columbia Circuit in U.S. v. Facebook, Inc., and that the nature and scope of any further administrative proceedings would be addressed at a later date. On July 30, 2025, the Commission issued an order staying the Order to Show Cause proceeding pending final resolution of the two judicial cases we filed challenging the proceeding. Through the administrative process, the FTC could amend the order to impose the additional requirements set forth in the proposed order. We should have the opportunity to appeal an FTC decision modifying the order and could request the appellate court to stay the enforcement of the modifications to the order while the appeal is pending. It is unclear whether the appeal or the request for a stay would be successful.
We also notify the Irish Data Protection Commission (IDPC), our lead European Union privacy regulator under the GDPR, of certain other personal data breaches and privacy issues, issue similar notifications to European regulators under other laws (such as UK GDPR and Member State implementations of the ePrivacy Directive), and are subject to inquiries and investigations by the IDPC and other European regulators regarding various aspects of our regulatory compliance. For example, the IDPC is continuing to assess the compliance of our ""subscription for no ads"" consent model with requirements under the GDPR. In addition, on May 12, 2023, the IDPC issued a Final Decision concluding that Meta Platforms Ireland's reliance on Standard Contractual Clauses in respect of certain transfers of European Economic Area (EEA) Facebook user data was not in compliance with the GDPR. The IDPC issued an administrative fine of EUR €1.2 billion as well as corrective orders requiring Meta Platforms Ireland to suspend the relevant transfers and to bring its processing operations into compliance with Chapter V GDPR by ceasing the unlawful processing, including storage, of such data in the United States. We are appealing this Final Decision and it is currently subject to a stay from the Irish High Court. We have also implemented steps to comply with the above corrective orders and are pending the IDPC's confirmation that these address the corrective orders. For additional information, see Part I, Item 1A, ""Risk Factors—Our business is subject to complex and evolving U.S. and foreign laws and regulations regarding privacy, data use, data combination, data protection, content, competition, youth, safety, consumer protection, advertising, e-commerce, and other matters"" in this Annual Report on Form 10‑K. Any such inquiries or investigations (including the IDPC proceedings) could subject us to substantial fines and costs, require us to change our business practices, divert resources and the attention of management from our business, lead to additional claims from users, or adversely affect our business. In addition, we are subject to individual and class actions in Europe relating to matters that are or have been the subject of regulatory investigations.
Beginning on June 7, 2021, multiple putative class actions were filed against us alleging that we improperly received individuals' information from third-party websites or apps via our business tools in violation of our terms and various state and federal laws and seeking unspecified damages and injunctive relief (for example, In re Meta Pixel Healthcare Litigation; In re Meta Pixel Tax Filing Cases; Frasco v. Flo Health, Inc.; Doe v. Hey Favor, Inc. et al.; Doe v. GoodRx Holdings, Inc. et al. in the U.S. District Court for the Northern District of California; and Rickwalder, et al. v. Meta Platforms, Inc. in the Santa Clara County Superior Court). These cases are in different stages, but several of our motions to dismiss have been denied in whole or in part, while certain others have been granted in whole or in part. In Rickwalder, the Superior Court denied plaintiffs' motion for class certification and the plaintiffs have appealed that decision. In Flo Health, on August 1, 2025, a jury returned a verdict on liability in favor of the plaintiffs and on behalf of a California subclass on the sole claim remaining against Meta under Section 632 of the California Invasion of Privacy Act. Plaintiffs are seeking $5,000 in statutory damages per class member and have asserted that there are up to approximately 1.6 million class members. The amount of potential damages is uncertain at this time. In addition, we are subject to individual and class actions in Europe, as well as regulatory investigations in the United States, Europe, and elsewhere, relating to similar matters with regard to our business tools.
53
Table of Contents
Competition
We are subject to various litigation and government inquiries and investigations, formal or informal, by competition authorities in the United States, Europe, and other jurisdictions. Such investigations, inquiries, and lawsuits concern, among other things, our business practices in the areas of social networking or social media services, digital advertising, and/or mobile or online applications, as well as our acquisitions. For example, in 2019 we became the subject of antitrust investigations by the FTC and U.S. Department of Justice. On December 9, 2020, the FTC filed a complaint (FTC v. Meta Platforms, Inc.) against us in the U.S. District Court for the District of Columbia alleging that we engaged in anticompetitive conduct and unfair methods of competition in violation of Section 5 of the Federal Trade Commission Act and Section 2 of the Sherman Act, including by acquiring Instagram in 2012 and WhatsApp in 2014 and by maintaining conditions on access to our platform. The FTC sought a permanent injunction against our company's alleged violations of the antitrust laws, and other equitable relief, including divestiture or reconstruction of Instagram and WhatsApp. On June 28, 2021, the court granted our motion to dismiss the complaint filed by the FTC with leave to amend. On August 19, 2021, the FTC filed an amended complaint, and on October 4, 2021, we filed a motion to dismiss this amended complaint. On January 11, 2022, the court denied our motion to dismiss the FTC's amended complaint. On April 5, 2024, we filed our motion for summary judgment and the FTC filed its opposition and its own motion for partial summary judgment on May 24, 2024. On November 13, 2024, the court granted in part and denied in part both our and the FTC's motions for summary judgment. Trial began on April 14, 2025 and concluded on May 27, 2025. On November 18, 2025, the court granted judgment in our favor. On January 20, 2026, the FTC filed a notice of appeal of that ruling. Multiple putative class actions have also been filed in state and federal courts in the United States and in the United Kingdom against us alleging violations of antitrust laws and other causes of action in connection with these acquisitions and/or other alleged anticompetitive conduct, and seeking damages and injunctive relief. Several of the cases brought on behalf of certain advertisers and users in the United States were consolidated in the U.S. District Court for the Northern District of California (Klein et al., v. Meta Platforms, Inc.). On December 30, 2024, we filed our motion for summary judgment in the putative class action brought on behalf of certain advertisers, which is pending with the court. On January 24, 2025, the court denied plaintiffs' motion for class certification in the action brought on behalf of users, permitting it to proceed only on an individual basis as to the named plaintiffs. On September 29, 2025, in the user action, the court granted our motion, entering judgment in our favor. On October 27, 2025, plaintiffs in the user action filed a notice of appeal.
On February 11, 2022, a putative class action was filed against us in the UK Competition Appeals Tribunal (CAT) under the UK collective proceedings regime (Lovdahl-Gormsen v. Meta Platforms, Inc. et al.). On October 6, 2023, following the denial of class certification, the class representative submitted an amended claim alleging abuse of dominance relating to aspects of our data processing practices and seeking damages. The CAT certified the amended claim on February 15, 2024. Trial is scheduled to begin in September 2027.
We are also subject to litigation in Europe brought by news and media companies alleging anticompetitive conduct in relation to aspects of our historic data processing practices. For example, on December 1, 2023, 87 news media companies filed a joint action against us in Spain in relation to our legal basis under the GDPR for behavioral advertising, alleging unfair competition and abuse of dominance (Asociacion de Medios de Informacion (AMI) v. Meta Ireland). On November 19, 2025, the court issued judgment against us, finding that AMI had failed to establish abuse of dominance but upholding its case on unfair competition and awarding damages of approximately EUR €542 million. We have appealed the decision. In addition, on October 24, 2024, ten radio and television publishers commenced a separate claim against us in Spain on the same basis (Union de Televisiones Comerciales Asociadas (UTECA) v. Meta Ireland). In addition, on April 29, 2025, a similar unfair competition claim was filed against us by 67 media companies in France (Amaury et al. v. Meta Platforms Ireland Limited). Trial is expected to take place in 2027.
In December 2022, the European Commission issued a Statement of Objections alleging that we tie Facebook Marketplace to Facebook and use data in a manner that infringes European Union competition rules. On November 18, 2024, the European Commission issued a decision that Meta infringed Article 102 on the Treaty of the Functioning of the European Union in relation to certain alleged business practices relating to Facebook Marketplace and imposed a fine of approximately EUR €798 million. We appealed the European Commission's decision on January 28, 2025.
54
Table of Contents
In March 2024, the European Commission opened an investigation into the compliance of our ""subscription for no ads"" consent model with requirements under Article 5(2) of the Digital Markets Act (DMA). The European Commission issued preliminary findings on July 1, 2024 reflecting its preliminary view that our model does not comply with such requirements. In April 2025, the European Commission issued a final decision that our ""subscription for no ads"" model does not comply with such requirements and imposed a fine of EUR €200 million. Based on feedback from the European Commission in connection with the DMA, we launched less personalized ads (LPA) in November 2024 and made significant modifications to LPA since the European Commission issued its final decision. We appealed the European Commission's decision on July 4, 2025, but further modifications to our model may be imposed during the appeal process, which could result in a materially worse user experience for European users and a significant impact to our European business and revenue.
The result of such litigation, investigations or inquiries could subject us to substantial monetary remedies and costs, interrupt or require us to change our business practices, divert resources and the attention of management from our business, or subject us to other structural or behavioral remedies that adversely affect our business.
Securities and Other Actions
Beginning on March 20, 2018, multiple putative class actions and derivative actions were filed in state and federal courts in the United States and elsewhere against us and certain of our directors and officers alleging violations of securities laws, breach of fiduciary duties, and other causes of action in connection with our platform and user data practices as well as the misuse of certain data by a developer that shared such data with third parties in violation of our terms and policies, and seeking unspecified damages and injunctive relief. Beginning on July 27, 2018, two putative class actions were filed in federal court in the United States against us and certain of our directors and officers alleging violations of securities laws in connection with the disclosure of our earnings results for the second quarter of 2018 and seeking unspecified damages. These two actions subsequently were transferred and consolidated in the U.S. District Court for the Northern District of California (In Re Facebook, Inc. Securities Litigation) with the putative securities class action described above relating to our platform and user data practices. In a series of orders in 2019 and 2020, the district court granted our motions to dismiss the plaintiffs' claims. On January 17, 2022, the plaintiffs filed a notice of appeal of the order dismissing their case, and on October 18, 2023, the U.S. Court of Appeals for the Ninth Circuit issued its decision affirming in part and reversing in part the district court's order dismissing the plaintiffs' case. We filed a petition for writ of certiorari on March 4, 2024 with the U.S. Supreme Court, seeking review of the Ninth Circuit's order. The Supreme Court granted in part our petition for writ of certiorari on June 10, 2024, and following oral argument issued an order on November 22, 2024 dismissing the grant of certiorari as improvidently granted. On January 24, 2025, the U.S. Court of Appeals for the Ninth Circuit returned the case to the district court. On July 1, 2025, the plaintiffs filed a fourth amended complaint. On September 2, 2025, we filed a motion to dismiss the fourth amended complaint.
We are also subject to other government inquiries and investigations relating to our business activities and disclosure practices. For example, beginning in September 2021, we became subject to government investigations and requests relating to a former employee's allegations and release of internal company documents concerning, among other things, our algorithms, advertising and user metrics, and content enforcement practices, as well as misinformation and other undesirable activity on our platform, and user well-being. We have since received additional requests relating to these and other topics. Beginning on October 27, 2021, multiple putative class actions and derivative actions were filed in the U.S. District Court for the Northern District of California against us and certain of our directors and officers alleging violations of securities laws, breach of fiduciary duties, and other causes of action in connection with the same matters, and seeking unspecified damages (Ohio Pub. Empl. Ret. Sys. v. Meta Platforms, Inc.). On September 30, 2024, the court dismissed certain claims with leave to amend, but determined certain claims regarding content enforcement practices and user well-being could proceed against us and certain of our current and former directors and officers.
On March 8, 2022, a putative class action was filed in the U.S. District Court for the Northern District of California against us and certain of our directors and officers alleging violations of securities laws in connection with the disclosure of our earnings results for the fourth quarter of 2021 and seeking unspecified damages (Plumbers & Steamfitters Local 60 Pension Trust v. Meta Platforms, Inc.). On July 18, 2023, the court dismissed the claims against Meta and its officers with leave to amend. On September 18, 2023, the plaintiffs filed an amended complaint and on September 17, 2024, the court dismissed the claims with prejudice. On October 14, 2024, plaintiffs filed their notice of appeal and oral argument was held on January 6, 2026.
55
Table of Contents
Youth-Related Actions
Beginning in January 2022, we became subject to litigation and other proceedings that were filed in various federal and state courts in the United States as well as other jurisdictions alleging that Facebook and Instagram cause ""social media addiction"" in users, with most proceedings focused on those under 18 years old, resulting in various mental health and other harms. Putative class actions have been filed in the United States, Brazil, Canada, Europe, and elsewhere on behalf of users in those jurisdictions, and numerous school districts, municipalities, and tribal nations have filed public nuisance claims in the United States, Brazil, and/or Canada based on similar allegations. On October 6, 2022, the U.S. federal cases were centralized in the U.S. District Court for the Northern District of California (In re Social Media Adolescent Addiction Product Liability Personal Injury Litigation). Beginning in March 2023, U.S. states and territories began filing lawsuits on these topics in various federal and state courts. These additional lawsuits include allegations regarding violations of the Children's Online Privacy Protection Act (COPPA), child sexual abuse material and other child safety concerns, as well as violations of state consumer protection laws, unfair business practices, public nuisance, and products liability, with proceedings focused on our alleged business practices (including the use of end-to-end encryption) and harms to users under 18 years old. Certain of the lawsuits described above have since expanded to include various other claims relating to our services, including with respect to age verification, AI and AI chatbots, deceptive advertising, illicit or illegal activity with respect to drugs, fraud, and firearms, and privacy-related matters, among others. These lawsuits seek damages and injunctive relief, and include cases filed by various state attorneys general in In re Social Media Adolescent Addiction Product Liability Personal Injury Litigation in the U.S. District Court for the Northern District of California, as well as various state courts around the country. Trial in the first of the personal injury cases began on January 27, 2026 in Judicial Council Coordination Proceeding No. 5255 pending in Los Angeles County California Superior Court. Trial in the first of the state attorneys general cases is currently scheduled to begin on February 2, 2026 in the First Judicial District Court of New Mexico, in a case brought by the New Mexico Attorney General. Trials in other state attorneys general cases are currently scheduled or expected to be scheduled in the second half of 2026 or in 2027. The first trial in the multidistrict litigation (In re Social Media Adolescent Addiction Product Liability Personal Injury Litigation) is a school district bellwether case and is scheduled to begin on June 15, 2026. Across the cases described above, the damages or penalties that plaintiffs have indicated they intend to seek range widely in amount, including in certain cases up to the high tens of billions of dollars. In addition, beginning in November 2024, counsel for over one hundred thousand individual claimants have sent mass arbitration demands relating to ""social media addiction"" and related harms allegedly caused by Instagram.
We are also subject to government investigations and requests from multiple regulators in various jurisdictions globally concerning the use of our products and services, and the alleged mental and physical health and safety and privacy impacts on users, particularly younger users, as well as the accuracy of our statements about youth and parental features. On May 16, 2024, the European Commission opened formal proceedings assessing our compliance with certain requirements under Articles 28, 34, and 35 of the Digital Services Act (DSA), including the way in which we identified, assessed, and mitigated against certain systemic risks to minors and other vulnerable users that may stem from the design and functioning of Instagram and Facebook.
Other Actions
Beginning on August 15, 2018, multiple putative class actions were filed against us alleging that we inflated our estimates of the potential audience size for advertisements, resulting in artificially increased demand and higher prices. The cases were consolidated in the U.S. District Court for the Northern District of California (DZ Reserve v. Facebook, Inc.) and seek unspecified damages and injunctive relief. In a series of rulings in 2019, 2021, and 2022, the court dismissed certain of the plaintiffs' claims, but permitted their fraud and unfair competition claims to proceed. On March 29, 2022, the court granted the plaintiffs' motion for class certification. On March 21, 2024, the U.S. Court of Appeals for the Ninth Circuit affirmed in part and reversed in part the order granting class certification. On May 3, 2024, we filed a petition for panel rehearing and rehearing en banc, which was denied by the Ninth Circuit. We filed a petition for a writ of certiorari with the U.S. Supreme Court on October 2, 2024, which was denied. We then moved to compel arbitration, which the district court denied. We appealed the denial of our motion to compel arbitration to the Ninth Circuit on December 3, 2025. The matter is stayed in district court pending resolution of our appeal.
Beginning on July 7, 2023, multiple cases, including putative class actions, were filed against us in the United States and elsewhere, alleging that we improperly acquired, distributed, and used various copyrighted materials and/or other types of data to train our artificial intelligence models and seeking unspecified damages and injunctive relief. In the United States, statutory damages for copyright liability are calculated on a per work basis, which may result in substantial damages, particularly given the large volumes of data required to train AI models. The cases in the United States, which were filed in
56
Table of Contents
the U.S. District Court for the Northern District of California (Kadrey, et al. v. Meta Platforms, Inc., Chabon, et al. v. Meta Platforms, Inc. and Farnsworth v. Meta Platforms, Inc.) and U.S. District Court for the Southern District of New York (Huckabee, et al. v. Meta Platforms, Inc. et al., which was subsequently transferred to the U.S. District Court for the Northern District of California), have been consolidated into Kadrey, et al. v. Meta Platforms, Inc. Motions for summary judgment were heard in this case on May 1, 2025, including on the issue of the applicability of the fair use defense to use of copyrighted books for generative AI model training. On June 25, 2025, the court granted our motion for summary judgment on fair use as to the named plaintiffs in the case. The parties will proceed to brief the remaining claim of copyright infringement due to alleged distribution of books to third parties during the downloading process. The court is scheduled to hear summary judgment motions on July 16, 2026. Beginning in November 2025, additional cases with similar claims were filed against us in the U.S. District Court for the Northern District of California (Entrepreneur Media v. Meta Platforms, Inc., Carreyrou et al. v. Anthropic PBC, et al. and TED Entertainment, Inc. v. Meta Platforms, Inc.). We expect some of these cases will be set for trial beginning in mid-2027.
On April 30, 2024, the European Commission opened formal proceedings against us to assess Facebook and Instagram's compliance with certain requirements under Articles 14, 16, 17, 20, 24, 25, 34, 35, and 40 of the DSA, regarding a range of topics including elections, content reporting and appeals, third-party access to data, political content recommendations, potential deceptive advertising and disinformation, including the way in which we identified, assessed, and mitigated against certain systemic risks on Instagram and Facebook. The Commission issued preliminary findings with respect to some of these topics on October 24, 2025 reflecting its preliminary view that we have infringed DSA obligations related to notice and action mechanisms for illegal content reporting, content moderation decision appeals, and data access for researchers. We have an opportunity to respond to the preliminary findings, and would also have an opportunity to appeal a final decision by the Commission. We are also responding to regulatory inquiries and litigation related to allegedly deceptive advertising, including but not limited to financial scams and the use of our services to promote deceptive activity, in other parts of the world.
We are also subject to other litigation and government inquiries and investigations relating to advertising on our platform and our alleged role in causing or contributing to various societal harms, including illegal activity with respect to drugs, fraud, deceptive activity, unlawful discrimination, and other harms potentially impacting large numbers of people. We have received additional requests relating to these and other topics including in connection with news outlet reporting regarding these issues in the fourth quarter of 2025.
In addition, we are subject to litigation and other proceedings involving law enforcement and other regulatory agencies, including in particular in Brazil, Russia, and other countries in Europe, in order to ascertain the precise scope of our legal obligations to comply with the requests of those agencies, including our obligation to disclose user information in particular circumstances. A number of such instances have resulted in the assessment of fines and penalties against us. We believe we have multiple legal grounds to satisfy these requests or prevail against associated fines and penalties, and we intend to vigorously defend such fines and penalties.
We are also party to various other legal proceedings, claims, and regulatory, tax or government inquiries and investigations that arise in the ordinary course of business, and we expect to be subject to additional legal proceedings and disputes in the future.",2026-01-28,"Susan Li, Mark Zuckerberg, Aaron Anderson, Peggy Alford, Marc L. Andreessen, John Arnold, Patrick Collison, John Elkann, Andrew W. Houston, Nancy Killefer, Robert M. Kimmitt, Charles Songhurst, Hock E. Tan, Tracey T. Travis, Dana White, Tony Xu"
Microsoft,2026-06-30,"Refer to Note 14 – Contingencies of the Notes to Financial Statements (Part II, Item 8 of this Form 10-K) for information regarding legal proceedings in which we are involved.",2026-07-29,"Alice L. Jolla, Satya Nadella, Carmine Di Sibio, Reid G. Hoffman, Hugh F. Johnston, Teri L. List, Catherine MacGregor, Mark A. L. Mason, Sandra E. Peterson, Penny S. Pritzker, John David Rainey, Charles W. Scharf, John W. Stanton, Emma N. Walmsley, Amy E. Hood"
Procter and Gamble,2026-06-30,"The Company is subject, from time to time, to certain legal proceedings and claims arising out of our business, which cover a wide range of matters, including antitrust and trade regulation, product liability, advertising, contracts, environmental issues, patent and trademark matters, labor and employment matters and tax. In addition, SEC regulations require that we disclose certain environmental proceedings arising under federal, state or local law when a governmental authority is a party and such proceeding involves potential monetary sanctions that the Company reasonably believes will exceed a certain threshold ($1 million or more).
On November 22, 2023, Procter & Gamble UK (“P&G UK”), a United Kingdom based wholly owned subsidiary of the Company, received notification from the U.K. Environment Agency of its intent to assess an unspecified civil penalty for P&G UK’s prior inadvertent failure to secure a required permit for its London-based manufacturing site under the European Union’s and United Kingdom’s Emission Trading Systems. Among other requirements, these Emissions Trading Systems require registration of the site and accounting of and payment for certain past greenhouse gas emissions. The site has been properly registered since March 2021, and P&G UK proactively notified the U.K. Environment Agency after learning of the prior issue. In July 2025, the U.K. Environment Agency notified P&G UK of its intent to impose a civil penalty of less than $2 million. The matter is not yet resolved.
There are no other relevant matters to disclose under this Item for this period. See Note 13 to our Consolidated Financial Statements for information on certain legal proceedings for which there are contingencies.
This item should be read in conjunction with the Company's Risk Factors in Part I, Item 1A for additional information.",2026-08-04,"Shailesh Jejurikar, Andre Schulten, Matthew W. Janzaruk, B. Marc Allen, Craig Arnold, Brett Biggs, Sheila Bonini, Amy L. Chang, Joseph Jimenez, Christopher J. Kempczinski, Debra L. Lee, Christine M. McCarthy, Ashley McEvoy, Robert J. Portman, Rajesh Subramaniam"
Tesla,2025-12-31,"For a description of our material pending legal proceedings, see Note 13, Commitments and Contingencies, to the consolidated financial statements included elsewhere in this Annual Report on Form 10-K.",2026-01-28,"Elon Musk, Vaibhav Taneja, Robyn Denholm, Ira Ehrenpreis, Joseph Gebbia, Jack Hartung, James Murdoch, Kimbal Musk, JB Straubel, Kathleen Wilson-Thompson"
Walmart,2026-01-31,"I. SUPPLEMENTAL INFORMATION: The Company is involved in legal proceedings arising in the normal course of its business, including litigation, arbitration and other claims, and investigations, inspections, subpoenas, audits, claims, inquiries and similar actions by governmental authorities. We discuss certain legal proceedings in Note 9 to our Consolidated Financial Statements included in ""Item 8. Financial Statements and Supplementary Data,"" which is captioned ""Contingencies,"" under the sub-caption ""Legal Proceedings."" We refer you to that discussion for important information concerning those legal proceedings, including the basis for such actions and, where known, the relief sought. We provide the following additional information concerning those legal proceedings, including the name of the lawsuit, the court in which the lawsuit is pending, and the date on which the petition commencing the lawsuit or appeal was filed, in addition to disclosure of certain other legal matters.
Opioid-Related Litigation: In re National Prescription Opiate Litigation (MDL No. 2804) (the ""MDL"") is pending in the U.S. District Court for the Northern District of Ohio and includes approximately 230 cases with claims against the Company as of March 6, 2026. In addition, the following 13 other opioid-related cases against the Company and its subsidiaries were pending in U.S. state and federal courts and Canadian courts as of March 6, 2026: Baby Doe 1, et al. v. Allergan Finances, LLC, et al., U.S. Dist. Ct., E.D. Tenn., 4/29/25; Marshall Cty. Bd. of Educ., et al. v. Cephalon, Inc., et al., U.S. Dist. Ct., N.D. W. Va., 10/28/24; Reiner v. CVS Pharm., Inc., et al., Nev. 5th Jud. Dist. Ct., Nye Cty., 2/26/24; Chaney v. CVS Pharm., Inc., et al., Ky. Cir. Ct., Perry Cty., 12/11/23; City of Grande Prairie, et al. v. Apotex Inc., et al., Alta. King's Bench Ct., Calgary Jud. Ctr., 4/27/23; Lac La Ronge Indian Band, et al. v. Apotex Inc., et al., Sask. King's Bench Ct., Prince Albert Jud. Ctr., 3/17/23; Commonwealth of Pennsylvania ex rel. Allegheny Cty. Dist. Att'y Stephen A. Zappala, Jr. v. CVS Ind., LLC, et al., Pa. Ct. Com. Pl., Delaware Cty., 8/8/22; Baby Doe, et al., ex rel. Their Guardian Ad Litem v. Endo Health Sols., Inc., et al., U.S. Dist. Ct., M.D. Tenn., 8/3/22; Paynter ex rel. Minor Child(ren) Z.N.B. v. McKesson Corp., et al., W. Va. Cir. Ct., Kanawha Cty., 3/28/22; Blankenship ex rel. Minor Child Z.D.B. v. McKesson Corp., et al., W. Va. Cir. Ct., Kanawha Cty., 1/14/22; Miss. Baptist Med. Ctr. Inc., et al. v. Amneal Pharm., LLC, et al., Miss. 1st Jud. Dist., Hinds Cty. Cir. Ct., 5/15/20; Dallas Cty. Hosp. Dist. d/b/a Parkland Health & Hosp. Sys., et al., v. Amneal Pharm., LLC, et al., Tex. Dist. Ct., 152nd Jud. Dist., Harris Cty., 11/20/19; Fla. Health Scis. Ctr., Inc., et al. v. Sackler, et al., Fla. Cir. Ct., 17th Jud. Cir., Broward Cty., 9/16/19.
DOJ Opioid Civil Litigation: United States of America v. Walmart Inc., et al., USDC, Dist. of DE, 12/22/20.
Settlement of Certain Opioid-Related Matters: As described in more detail in Note 9 to our Consolidated Financial Statements, the Company accrued a liability of approximately $3.3 billion in fiscal year 2023 for certain opioid-related settlements. As of January 31, 2025, all of the accrued liability has been paid.
False Claims Act Litigation: United States of America ex rel. James Marcilla and Isela Chavez, USDC, Dist. of N.M., 8/23/19, transferred to USDC Dist. of DE 7/25/24.
ASDA Equal Value Claims: Ms S Brierley & Others v. ASDA Stores Ltd (2406372/2008 & Others – Manchester Employment Tribunal); Abbas & Others v Asda Stores limited (KB-2022-003243); and Abusubih & Others v Asda Stores limited (KB-2022-003240).
Federal Trade Commission and State Attorneys General Driver Platform Litigation: Federal Trade Commission, et al. v. Walmart Inc., USDC, N.D. Cal., 2/26/26.
Mexico Antitrust Matter: Comisión Federal de Competencia Económica of México, Investigative Authority v. Nueva Wal-Mart de México, S.de R.L. de C.V. (Docket IO-002-2020, consolidated with Docket DE-026-2020), Mexico, 10/6/23.
India Antitrust Matter: Competition Commission of India, Case No. 40 of 2019, order initiating investigation 1/13/20.
II. ENVIRONMENTAL MATTERS: Item 103 of SEC Regulation S-K requires disclosure of certain environmental matters when a governmental authority is a party to the proceedings and such proceedings involve potential monetary sanctions that the Company reasonably believes will exceed $1 million.
In October 2023, the Company received a Finding of Violation from the U.S. Environmental Protection Agency (the ""EPA"") alleging violations of the Clean Air Act in connection with the Company's refrigeration leak detection and repair program at certain of its facilities. The Company is cooperating with the EPA in its investigation. The EPA may seek to impose monetary and non-monetary penalties for the alleged violations of the Clean Air Act. The Company is unable to predict the final outcome of this matter, but the EPA could seek penalties in excess of $1 million. Although the Company does not believe this matter will have a material adverse effect on its business, financial position, results of operations, or cash flows, the Company can provide no assurance that its business, financial position, results of operations or cash flows will not be materially adversely affected.",2026-03-13,"John R. Furner, Gregory B. Penner, John David Rainey, Dwayne M. Milum, Cesar Conde, Timothy P. Flynn, Sarah Friar, Carla A. Harris, Thomas W. Horton, Marissa A. Mayer, C. Douglas McMillon, Shishir Mehrotra, Robert E. Moritz Jr., Brian Niccol, Randall L. Stephenson, Steuart L. Walton"
